{"restore": null, "timestep_size": 0.005, "shuffle": false, "gaussParams": [[0.0, 8.0]], "moments": [[28.0, 0.0, 0.0, 27.0, 0.0, 54.0]], "aniso_int": true, "bd_gamma": 1.0, "rmax": 4.122462048309373, "masses": [18.0], "replicant": 2.0, "typeFractions": [1.0], "shapes": [[[3.0, -1.1102230246251565e-16], [3.214697847761802e-16, 3.0], [-3.0, 2.563717372816903e-16], [-4.133182947122317e-16, -3.0]]], "mass_factor": 1.0, "boxLengths": [2110.700568734399], "shape_arg": {"0": [["shape", "rgon"], ["axes", [1, 1, 1, 1]], ["scale", 3]]}, "radius": 1.0, "sqrtn": 256, "typeNames": ["A"], "moment_factor": 1.0, "aniso_int_moments": true, "areas": [38.112155402066932]}